root_id,primary_type,region,idx
720575940604708832,Delta7,PB (heading),0
720575940606137004,Delta7,PB (heading),1
720575940608673860,Delta7,PB (heading),2
720575940609924875,Delta7,PB (heading),3
720575940611296790,Delta7,PB (heading),4
720575940616616166,Delta7,PB (heading),5
720575940616769051,Delta7,PB (heading),6
720575940616985030,Delta7,PB (heading),7
720575940617752537,Delta7,PB (heading),8
720575940619169518,Delta7,PB (heading),9
720575940619249088,Delta7,PB (heading),10
720575940620589082,Delta7,PB (heading),11
720575940621252735,Delta7,PB (heading),12
720575940621361172,Delta7,PB (heading),13
720575940621502157,Delta7,PB (heading),14
720575940621671593,Delta7,PB (heading),15
720575940624006327,Delta7,PB (heading),16
720575940624114712,Delta7,PB (heading),17
720575940624669733,Delta7,PB (heading),18
720575940625390153,Delta7,PB (heading),19
720575940625508500,Delta7,PB (heading),20
720575940627317252,Delta7,PB (heading),21
720575940627945747,Delta7,PB (heading),22
720575940628164229,Delta7,PB (heading),23
720575940628493828,Delta7,PB (heading),24
720575940629055447,Delta7,PB (heading),25
720575940629196670,Delta7,PB (heading),26
720575940631244136,Delta7,PB (heading),27
720575940631990359,Delta7,PB (heading),28
720575940632049935,Delta7,PB (heading),29
720575940632598220,Delta7,PB (heading),30
720575940633105378,Delta7,PB (heading),31
720575940633223727,Delta7,PB (heading),32
720575940633918827,Delta7,PB (heading),33
720575940634627191,Delta7,PB (heading),34
720575940637591262,Delta7,PB (heading),35
720575940638130758,Delta7,PB (heading),36
720575940639088105,Delta7,PB (heading),37
720575940644645412,Delta7,PB (heading),38
720575940645823876,Delta7,PB (heading),39
720575940650926326,Delta7,PB (heading),40
720575940653624310,Delta7,PB (heading),41
720575940604801993,EPG,PB (heading),42
720575940605827761,EPG,PB (heading),43
720575940608722371,EPG,PB (heading),44
720575940610453427,EPG,PB (heading),45
720575940610901930,EPG,PB (heading),46
720575940611216099,EPG,PB (heading),47
720575940613829900,EPG,PB (heading),48
720575940613836438,EPG,PB (heading),49
720575940614297640,EPG,PB (heading),50
720575940614926475,EPG,PB (heading),51
720575940616502066,EPG,PB (heading),52
720575940616569601,EPG,PB (heading),53
720575940617769851,EPG,PB (heading),54
720575940618612952,EPG,PB (heading),55
720575940619006272,EPG,PB (heading),56
720575940619296365,EPG,PB (heading),57
720575940620020694,EPG,PB (heading),58
720575940620282906,EPG,PB (heading),59
720575940620664741,EPG,PB (heading),60
720575940622364771,EPG,PB (heading),61
720575940623046548,EPG,PB (heading),62
720575940623852873,EPG,PB (heading),63
720575940624096234,EPG,PB (heading),64
720575940624784280,EPG,PB (heading),65
720575940625351354,EPG,PB (heading),66
720575940626137895,EPG,PB (heading),67
720575940626315207,EPG,PB (heading),68
720575940626449082,EPG,PB (heading),69
720575940626721835,EPG,PB (heading),70
720575940627140551,EPG,PB (heading),71
720575940628493572,EPG,PB (heading),72
720575940628802041,EPG,PB (heading),73
720575940628843458,EPG,PB (heading),74
720575940629691753,EPG,PB (heading),75
720575940630199963,EPG,PB (heading),76
720575940631125036,EPG,PB (heading),77
720575940631708836,EPG,PB (heading),78
720575940632614295,EPG,PB (heading),79
720575940632844002,EPG,PB (heading),80
720575940633719487,EPG,PB (heading),81
720575940635427982,EPG,PB (heading),82
720575940635461550,EPG,PB (heading),83
720575940636730694,EPG,PB (heading),84
720575940638850512,EPG,PB (heading),85
720575940642634532,EPG,PB (heading),86
720575940658101889,EPG,PB (heading),87
720575940660921985,EPG,PB (heading),88
720575940602917088,EPGt,PB (heading),89
720575940619905404,EPGt,PB (heading),90
720575940620419354,EPGt,PB (heading),91
720575940620776662,EPGt,PB (heading),92
720575940604404425,PEG,PB (heading),93
720575940605135038,PEG,PB (heading),94
720575940610453162,PEG,PB (heading),95
720575940611396835,PEG,PB (heading),96
720575940612099986,PEG,PB (heading),97
720575940620024534,PEG,PB (heading),98
720575940620776406,PEG,PB (heading),99
720575940622081516,PEG,PB (heading),100
720575940622138564,PEG,PB (heading),101
720575940623306168,PEG,PB (heading),102
720575940625528638,PEG,PB (heading),103
720575940625790778,PEG,PB (heading),104
720575940626824015,PEG,PB (heading),105
720575940627321755,PEG,PB (heading),106
720575940627913436,PEG,PB (heading),107
720575940636354650,PEG,PB (heading),108
720575940637330142,PEG,PB (heading),109
720575940637369653,PEG,PB (heading),110
720575940637369909,PEG,PB (heading),111
720575940638469584,PEG,PB (heading),112
720575940603823462,PEN_a/PEN1,PB (heading),113
720575940605639858,PEN_a/PEN1,PB (heading),114
720575940610249426,PEN_a/PEN1,PB (heading),115
720575940610502851,PEN_a/PEN1,PB (heading),116
720575940619476126,PEN_a/PEN1,PB (heading),117
720575940621074835,PEN_a/PEN1,PB (heading),118
720575940622772137,PEN_a/PEN1,PB (heading),119
720575940622913260,PEN_a/PEN1,PB (heading),120
720575940624594726,PEN_a/PEN1,PB (heading),121
720575940624879678,PEN_a/PEN1,PB (heading),122
720575940625407107,PEN_a/PEN1,PB (heading),123
720575940626194428,PEN_a/PEN1,PB (heading),124
720575940626469909,PEN_a/PEN1,PB (heading),125
720575940628557178,PEN_a/PEN1,PB (heading),126
720575940628866809,PEN_a/PEN1,PB (heading),127
720575940632736703,PEN_a/PEN1,PB (heading),128
720575940633538724,PEN_a/PEN1,PB (heading),129
720575940637644659,PEN_a/PEN1,PB (heading),130
720575940638847104,PEN_a/PEN1,PB (heading),131
720575940642855328,PEN_a/PEN1,PB (heading),132
720575940606123954,PEN_b/PEN2,PB (heading),133
720575940608918830,PEN_b/PEN2,PB (heading),134
720575940612763158,PEN_b/PEN2,PB (heading),135
720575940612920466,PEN_b/PEN2,PB (heading),136
720575940615177099,PEN_b/PEN2,PB (heading),137
720575940616459333,PEN_b/PEN2,PB (heading),138
720575940617828731,PEN_b/PEN2,PB (heading),139
720575940622265894,PEN_b/PEN2,PB (heading),140
720575940623388237,PEN_b/PEN2,PB (heading),141
720575940624453680,PEN_b/PEN2,PB (heading),142
720575940625021796,PEN_b/PEN2,PB (heading),143
720575940625415813,PEN_b/PEN2,PB (heading),144
720575940626306321,PEN_b/PEN2,PB (heading),145
720575940626407820,PEN_b/PEN2,PB (heading),146
720575940627653114,PEN_b/PEN2,PB (heading),147
720575940630666404,PEN_b/PEN2,PB (heading),148
720575940631372369,PEN_b/PEN2,PB (heading),149
720575940636242778,PEN_b/PEN2,PB (heading),150
720575940638055869,PEN_b/PEN2,PB (heading),151
720575940638832512,PEN_b/PEN2,PB (heading),152
720575940643558692,PEN_b/PEN2,PB (heading),153
720575940658472065,PEN_b/PEN2,PB (heading),154
720575940610219715,PFGs,PB (heading),155
720575940615673949,PFGs,PB (heading),156
720575940616040148,PFGs,PB (heading),157
720575940617236667,PFGs,PB (heading),158
720575940618704043,PFGs,PB (heading),159
720575940618787841,PFGs,PB (heading),160
720575940619489088,PFGs,PB (heading),161
720575940619574181,PFGs,PB (heading),162
720575940620197441,PFGs,PB (heading),163
720575940621076144,PFGs,PB (heading),164
720575940621825518,PFGs,PB (heading),165
720575940622217654,PFGs,PB (heading),166
720575940622815123,PFGs,PB (heading),167
720575940623084471,PFGs,PB (heading),168
720575940623392949,PFGs,PB (heading),169
720575940625902823,PFGs,PB (heading),170
720575940625968792,PFGs,PB (heading),171
720575940627033875,PFGs,PB (heading),172
720575940627730206,PFGs,PB (heading),173
720575940628576250,PFGs,PB (heading),174
720575940628789626,PFGs,PB (heading),175
720575940630021115,PFGs,PB (heading),176
720575940630199759,PFGs,PB (heading),177
720575940633797677,PFGs,PB (heading),178
720575940636063204,PFGs,PB (heading),179
720575940641173376,PFGs,PB (heading),180
720575940653346550,PFGs,PB (heading),181
720575940653347830,PFGs,PB (heading),182
720575940603919537,ER1,EB (ring/visual input),183
720575940608909870,ER1,EB (ring/visual input),184
720575940612351510,ER1,EB (ring/visual input),185
720575940613686442,ER1,EB (ring/visual input),186
720575940616946662,ER1,EB (ring/visual input),187
720575940617517691,ER1,EB (ring/visual input),188
720575940617724107,ER1,EB (ring/visual input),189
720575940618618350,ER1,EB (ring/visual input),190
720575940619072158,ER1,EB (ring/visual input),191
720575940619843845,ER1,EB (ring/visual input),192
720575940620448681,ER1,EB (ring/visual input),193
720575940621065677,ER1,EB (ring/visual input),194
720575940622811636,ER1,EB (ring/visual input),195
720575940626315975,ER1,EB (ring/visual input),196
720575940626329841,ER1,EB (ring/visual input),197
720575940626336381,ER1,EB (ring/visual input),198
720575940628907607,ER1,EB (ring/visual input),199
720575940628984950,ER1,EB (ring/visual input),200
720575940629116716,ER1,EB (ring/visual input),201
720575940629259023,ER1,EB (ring/visual input),202
720575940629379835,ER1,EB (ring/visual input),203
720575940630574895,ER1,EB (ring/visual input),204
720575940631895065,ER1,EB (ring/visual input),205
720575940634620898,ER1,EB (ring/visual input),206
720575940636134366,ER1,EB (ring/visual input),207
720575940636222810,ER1,EB (ring/visual input),208
720575940638594768,ER1,EB (ring/visual input),209
720575940639239908,ER1,EB (ring/visual input),210
720575940653031585,ER1,EB (ring/visual input),211
720575940604967270,ER2,EB (ring/visual input),212
720575940606597298,ER2,EB (ring/visual input),213
720575940606951893,ER2,EB (ring/visual input),214
720575940610208917,ER2,EB (ring/visual input),215
720575940611048306,ER2,EB (ring/visual input),216
720575940614686943,ER2,EB (ring/visual input),217
720575940615089494,ER2,EB (ring/visual input),218
720575940615843985,ER2,EB (ring/visual input),219
720575940616197021,ER2,EB (ring/visual input),220
720575940616328517,ER2,EB (ring/visual input),221
720575940617098580,ER2,EB (ring/visual input),222
720575940617630001,ER2,EB (ring/visual input),223
720575940619185830,ER2,EB (ring/visual input),224
720575940619254704,ER2,EB (ring/visual input),225
720575940620084604,ER2,EB (ring/visual input),226
720575940620139643,ER2,EB (ring/visual input),227
720575940620668069,ER2,EB (ring/visual input),228
720575940620872669,ER2,EB (ring/visual input),229
720575940621341716,ER2,EB (ring/visual input),230
720575940621569930,ER2,EB (ring/visual input),231
720575940621905869,ER2,EB (ring/visual input),232
720575940622939124,ER2,EB (ring/visual input),233
720575940624004752,ER2,EB (ring/visual input),234
720575940625366846,ER2,EB (ring/visual input),235
720575940625659028,ER2,EB (ring/visual input),236
720575940625871949,ER2,EB (ring/visual input),237
720575940626243965,ER2,EB (ring/visual input),238
720575940626458897,ER2,EB (ring/visual input),239
720575940627499520,ER2,EB (ring/visual input),240
720575940628362812,ER2,EB (ring/visual input),241
720575940628733292,ER2,EB (ring/visual input),242
720575940628788332,ER2,EB (ring/visual input),243
720575940629683062,ER2,EB (ring/visual input),244
720575940632988351,ER2,EB (ring/visual input),245
720575940635373935,ER2,EB (ring/visual input),246
720575940636395610,ER2,EB (ring/visual input),247
720575940636940870,ER2,EB (ring/visual input),248
720575940637487593,ER2,EB (ring/visual input),249
720575940637862062,ER2,EB (ring/visual input),250
720575940639426805,ER2,EB (ring/visual input),251
720575940643020836,ER2,EB (ring/visual input),252
720575940645990532,ER2,EB (ring/visual input),253
720575940650293494,ER2,EB (ring/visual input),254
720575940603094700,ER3a_a,EB (ring/visual input),255
720575940603895584,ER3a_a,EB (ring/visual input),256
720575940607621059,ER3a_a,EB (ring/visual input),257
720575940610602410,ER3a_a,EB (ring/visual input),258
720575940616501919,ER3a_a,EB (ring/visual input),259
720575940616893746,ER3a_a,EB (ring/visual input),260
720575940618103513,ER3a_a,EB (ring/visual input),261
720575940620880007,ER3a_a,EB (ring/visual input),262
720575940621584068,ER3a_a,EB (ring/visual input),263
720575940622227550,ER3a_a,EB (ring/visual input),264
720575940622433140,ER3a_a,EB (ring/visual input),265
720575940622991252,ER3a_a,EB (ring/visual input),266
720575940623441996,ER3a_a,EB (ring/visual input),267
720575940625276745,ER3a_a,EB (ring/visual input),268
720575940626291998,ER3a_a,EB (ring/visual input),269
720575940627129786,ER3a_a,EB (ring/visual input),270
720575940628093895,ER3a_a,EB (ring/visual input),271
720575940630348140,ER3a_a,EB (ring/visual input),272
720575940630545489,ER3a_a,EB (ring/visual input),273
720575940632852793,ER3a_a,EB (ring/visual input),274
720575940639209461,ER3a_a,EB (ring/visual input),275
720575940641112192,ER3a_a,EB (ring/visual input),276
720575940648569988,ER3a_a,EB (ring/visual input),277
720575940613152423,ER3a_b,EB (ring/visual input),278
720575940616505759,ER3a_b,EB (ring/visual input),279
720575940616507807,ER3a_b,EB (ring/visual input),280
720575940618508518,ER3a_b,EB (ring/visual input),281
720575940619104539,ER3a_b,EB (ring/visual input),282
720575940619661632,ER3a_b,EB (ring/visual input),283
720575940620010405,ER3a_b,EB (ring/visual input),284
720575940628007171,ER3a_b,EB (ring/visual input),285
720575940628140785,ER3a_b,EB (ring/visual input),286
720575940629511802,ER3a_b,EB (ring/visual input),287
720575940632318751,ER3a_b,EB (ring/visual input),288
720575940637279095,ER3a_b,EB (ring/visual input),289
720575940639426293,ER3a_b,EB (ring/visual input),290
720575940650785657,ER3a_b,EB (ring/visual input),291
720575940602783968,ER3d,EB (ring/visual input),292
720575940606591836,ER3d,EB (ring/visual input),293
720575940606763110,ER3d,EB (ring/visual input),294
720575940607246549,ER3d,EB (ring/visual input),295
720575940611669987,ER3d,EB (ring/visual input),296
720575940611960274,ER3d,EB (ring/visual input),297
720575940612127151,ER3d,EB (ring/visual input),298
720575940612631970,ER3d,EB (ring/visual input),299
720575940612916114,ER3d,EB (ring/visual input),300
720575940613338521,ER3d,EB (ring/visual input),301
720575940614073315,ER3d,EB (ring/visual input),302
720575940615526289,ER3d,EB (ring/visual input),303
720575940616205083,ER3d,EB (ring/visual input),304
720575940616445250,ER3d,EB (ring/visual input),305
720575940616891698,ER3d,EB (ring/visual input),306
720575940617187329,ER3d,EB (ring/visual input),307
720575940617425781,ER3d,EB (ring/visual input),308
720575940619014941,ER3d,EB (ring/visual input),309
720575940619658111,ER3d,EB (ring/visual input),310
720575940619767744,ER3d,EB (ring/visual input),311
720575940619829765,ER3d,EB (ring/visual input),312
720575940621155092,ER3d,EB (ring/visual input),313
720575940621749226,ER3d,EB (ring/visual input),314
720575940623201789,ER3d,EB (ring/visual input),315
720575940624135060,ER3d,EB (ring/visual input),316
720575940624356234,ER3d,EB (ring/visual input),317
720575940624783287,ER3d,EB (ring/visual input),318
720575940625218685,ER3d,EB (ring/visual input),319
720575940625233445,ER3d,EB (ring/visual input),320
720575940625464328,ER3d,EB (ring/visual input),321
720575940625506027,ER3d,EB (ring/visual input),322
720575940626827024,ER3d,EB (ring/visual input),323
720575940627161700,ER3d,EB (ring/visual input),324
720575940627701609,ER3d,EB (ring/visual input),325
720575940627958046,ER3d,EB (ring/visual input),326
720575940628317715,ER3d,EB (ring/visual input),327
720575940629244166,ER3d,EB (ring/visual input),328
720575940629711376,ER3d,EB (ring/visual input),329
720575940629840207,ER3d,EB (ring/visual input),330
720575940630755276,ER3d,EB (ring/visual input),331
720575940632602850,ER3d,EB (ring/visual input),332
720575940632994399,ER3d,EB (ring/visual input),333
720575940633006176,ER3d,EB (ring/visual input),334
720575940633631789,ER3d,EB (ring/visual input),335
720575940636413176,ER3d,EB (ring/visual input),336
720575940639214655,ER3d,EB (ring/visual input),337
720575940645179592,ER3d,EB (ring/visual input),338
720575940605837024,ER3m,EB (ring/visual input),339
720575940607245781,ER3m,EB (ring/visual input),340
720575940609621003,ER3m,EB (ring/visual input),341
720575940610263665,ER3m,EB (ring/visual input),342
720575940610675123,ER3m,EB (ring/visual input),343
720575940612916370,ER3m,EB (ring/visual input),344
720575940613676402,ER3m,EB (ring/visual input),345
720575940616441410,ER3m,EB (ring/visual input),346
720575940618045986,ER3m,EB (ring/visual input),347
720575940622252493,ER3m,EB (ring/visual input),348
720575940626887171,ER3m,EB (ring/visual input),349
720575940627128216,ER3m,EB (ring/visual input),350
720575940630022395,ER3m,EB (ring/visual input),351
720575940630658807,ER3m,EB (ring/visual input),352
720575940631084751,ER3m,EB (ring/visual input),353
720575940613700674,ER3p_a,EB (ring/visual input),354
720575940613825695,ER3p_a,EB (ring/visual input),355
720575940615444882,ER3p_a,EB (ring/visual input),356
720575940618732782,ER3p_a,EB (ring/visual input),357
720575940618782912,ER3p_a,EB (ring/visual input),358
720575940619477232,ER3p_a,EB (ring/visual input),359
720575940619957786,ER3p_a,EB (ring/visual input),360
720575940620026502,ER3p_a,EB (ring/visual input),361
720575940622431305,ER3p_a,EB (ring/visual input),362
720575940623559974,ER3p_a,EB (ring/visual input),363
720575940631173120,ER3p_a,EB (ring/visual input),364
720575940631246765,ER3p_a,EB (ring/visual input),365
720575940633237402,ER3p_a,EB (ring/visual input),366
720575940637699747,ER3p_a,EB (ring/visual input),367
720575940640424589,ER3p_a,EB (ring/visual input),368
720575940640424845,ER3p_a,EB (ring/visual input),369
720575940647731833,ER3p_a,EB (ring/visual input),370
720575940611946194,ER3p_b,EB (ring/visual input),371
720575940616542277,ER3p_b,EB (ring/visual input),372
720575940622030861,ER3p_b,EB (ring/visual input),373
720575940627299227,ER3p_b,EB (ring/visual input),374
720575940627299483,ER3p_b,EB (ring/visual input),375
720575940607039957,ER3w,EB (ring/visual input),376
720575940607040981,ER3w,EB (ring/visual input),377
720575940610505701,ER3w,EB (ring/visual input),378
720575940611856760,ER3w,EB (ring/visual input),379
720575940612238255,ER3w,EB (ring/visual input),380
720575940612979090,ER3w,EB (ring/visual input),381
720575940616025378,ER3w,EB (ring/visual input),382
720575940616584607,ER3w,EB (ring/visual input),383
720575940618306469,ER3w,EB (ring/visual input),384
720575940621066776,ER3w,EB (ring/visual input),385
720575940622974707,ER3w,EB (ring/visual input),386
720575940623297038,ER3w,EB (ring/visual input),387
720575940624470812,ER3w,EB (ring/visual input),388
720575940625671441,ER3w,EB (ring/visual input),389
720575940625864360,ER3w,EB (ring/visual input),390
720575940626261480,ER3w,EB (ring/visual input),391
720575940626363654,ER3w,EB (ring/visual input),392
720575940626421578,ER3w,EB (ring/visual input),393
720575940627877114,ER3w,EB (ring/visual input),394
720575940631248865,ER3w,EB (ring/visual input),395
720575940637681267,ER3w,EB (ring/visual input),396
720575940638549574,ER3w,EB (ring/visual input),397
720575940639234367,ER3w,EB (ring/visual input),398
720575940640760179,ER3w,EB (ring/visual input),399
720575940653326326,ER3w,EB (ring/visual input),400
720575940603964774,ER4d,EB (ring/visual input),401
720575940604842924,ER4d,EB (ring/visual input),402
720575940606102729,ER4d,EB (ring/visual input),403
720575940622342576,ER4d,EB (ring/visual input),404
720575940622609299,ER4d,EB (ring/visual input),405
720575940623219463,ER4d,EB (ring/visual input),406
720575940623466632,ER4d,EB (ring/visual input),407
720575940623698324,ER4d,EB (ring/visual input),408
720575940624180263,ER4d,EB (ring/visual input),409
720575940624373837,ER4d,EB (ring/visual input),410
720575940625511762,ER4d,EB (ring/visual input),411
720575940625516830,ER4d,EB (ring/visual input),412
720575940626456083,ER4d,EB (ring/visual input),413
720575940627890072,ER4d,EB (ring/visual input),414
720575940628014488,ER4d,EB (ring/visual input),415
720575940629213639,ER4d,EB (ring/visual input),416
720575940629720848,ER4d,EB (ring/visual input),417
720575940629733114,ER4d,EB (ring/visual input),418
720575940630904121,ER4d,EB (ring/visual input),419
720575940631487047,ER4d,EB (ring/visual input),420
720575940635152153,ER4d,EB (ring/visual input),421
720575940642877088,ER4d,EB (ring/visual input),422
720575940643915300,ER4d,EB (ring/visual input),423
720575940652702710,ER4d,EB (ring/visual input),424
720575940615324670,ER4m,EB (ring/visual input),425
720575940615865238,ER4m,EB (ring/visual input),426
720575940619436342,ER4m,EB (ring/visual input),427
720575940628491260,ER4m,EB (ring/visual input),428
720575940629268486,ER4m,EB (ring/visual input),429
720575940630976886,ER4m,EB (ring/visual input),430
720575940631093303,ER4m,EB (ring/visual input),431
720575940632598343,ER4m,EB (ring/visual input),432
720575940634096339,ER4m,EB (ring/visual input),433
720575940635759002,ER4m,EB (ring/visual input),434
720575940640026045,ER4m,EB (ring/visual input),435
720575940612208754,ER5,EB (ring/visual input),436
720575940615650022,ER5,EB (ring/visual input),437
720575940616539990,ER5,EB (ring/visual input),438
720575940616752155,ER5,EB (ring/visual input),439
720575940617483860,ER5,EB (ring/visual input),440
720575940620169851,ER5,EB (ring/visual input),441
720575940624108862,ER5,EB (ring/visual input),442
720575940624837453,ER5,EB (ring/visual input),443
720575940625829192,ER5,EB (ring/visual input),444
720575940626610960,ER5,EB (ring/visual input),445
720575940628212796,ER5,EB (ring/visual input),446
720575940628772345,ER5,EB (ring/visual input),447
720575940630895789,ER5,EB (ring/visual input),448
720575940631416057,ER5,EB (ring/visual input),449
720575940631813796,ER5,EB (ring/visual input),450
720575940631820825,ER5,EB (ring/visual input),451
720575940632366879,ER5,EB (ring/visual input),452
720575940632385066,ER5,EB (ring/visual input),453
720575940637126222,ER5,EB (ring/visual input),454
720575940638169456,ER5,EB (ring/visual input),455
720575940652809889,ER5,EB (ring/visual input),456
720575940604019424,hDeltaA,FB local (steering computation),457
720575940605379506,hDeltaA,FB local (steering computation),458
720575940610894450,hDeltaA,FB local (steering computation),459
720575940619237985,hDeltaA,FB local (steering computation),460
720575940620028513,hDeltaA,FB local (steering computation),461
720575940623280457,hDeltaA,FB local (steering computation),462
720575940628003739,hDeltaA,FB local (steering computation),463
720575940630444625,hDeltaA,FB local (steering computation),464
720575940632651219,hDeltaA,FB local (steering computation),465
720575940636069348,hDeltaA,FB local (steering computation),466
720575940639404416,hDeltaA,FB local (steering computation),467
720575940640228661,hDeltaA,FB local (steering computation),468
720575940603932448,hDeltaB,FB local (steering computation),469
720575940604110513,hDeltaB,FB local (steering computation),470
720575940613490841,hDeltaB,FB local (steering computation),471
720575940614230499,hDeltaB,FB local (steering computation),472
720575940616728038,hDeltaB,FB local (steering computation),473
720575940617784118,hDeltaB,FB local (steering computation),474
720575940618844757,hDeltaB,FB local (steering computation),475
720575940619141254,hDeltaB,FB local (steering computation),476
720575940626812777,hDeltaB,FB local (steering computation),477
720575940627899900,hDeltaB,FB local (steering computation),478
720575940629113388,hDeltaB,FB local (steering computation),479
720575940630007916,hDeltaB,FB local (steering computation),480
720575940630520314,hDeltaB,FB local (steering computation),481
720575940630941994,hDeltaB,FB local (steering computation),482
720575940631991507,hDeltaB,FB local (steering computation),483
720575940632891106,hDeltaB,FB local (steering computation),484
720575940635319663,hDeltaB,FB local (steering computation),485
720575940636923108,hDeltaB,FB local (steering computation),486
720575940612851367,hDeltaC,FB local (steering computation),487
720575940614154786,hDeltaC,FB local (steering computation),488
720575940614966214,hDeltaC,FB local (steering computation),489
720575940617494232,hDeltaC,FB local (steering computation),490
720575940618694638,hDeltaC,FB local (steering computation),491
720575940620058537,hDeltaC,FB local (steering computation),492
720575940621347583,hDeltaC,FB local (steering computation),493
720575940622811116,hDeltaC,FB local (steering computation),494
720575940623781268,hDeltaC,FB local (steering computation),495
720575940624215245,hDeltaC,FB local (steering computation),496
720575940628211244,hDeltaC,FB local (steering computation),497
720575940628219479,hDeltaC,FB local (steering computation),498
720575940628907524,hDeltaC,FB local (steering computation),499
720575940629468739,hDeltaC,FB local (steering computation),500
720575940631366483,hDeltaC,FB local (steering computation),501
720575940631725011,hDeltaC,FB local (steering computation),502
720575940631983277,hDeltaC,FB local (steering computation),503
720575940632052010,hDeltaC,FB local (steering computation),504
720575940635678942,hDeltaC,FB local (steering computation),505
720575940638250112,hDeltaC,FB local (steering computation),506
720575940643703588,hDeltaC,FB local (steering computation),507
720575940604868286,hDeltaD,FB local (steering computation),508
720575940621139482,hDeltaD,FB local (steering computation),509
720575940624136489,hDeltaD,FB local (steering computation),510
720575940625962152,hDeltaD,FB local (steering computation),511
720575940626849301,hDeltaD,FB local (steering computation),512
720575940629506012,hDeltaD,FB local (steering computation),513
720575940630773585,hDeltaD,FB local (steering computation),514
720575940631619384,hDeltaD,FB local (steering computation),515
720575940621019674,hDeltaE,FB local (steering computation),516
720575940623242168,hDeltaE,FB local (steering computation),517
720575940624381966,hDeltaE,FB local (steering computation),518
720575940626343305,hDeltaE,FB local (steering computation),519
720575940627675121,hDeltaE,FB local (steering computation),520
720575940628168458,hDeltaE,FB local (steering computation),521
720575940634419051,hDeltaE,FB local (steering computation),522
720575940637303415,hDeltaE,FB local (steering computation),523
720575940616617940,hDeltaF,FB local (steering computation),524
720575940620012020,hDeltaF,FB local (steering computation),525
720575940623004711,hDeltaF,FB local (steering computation),526
720575940625392650,hDeltaF,FB local (steering computation),527
720575940625850938,hDeltaF,FB local (steering computation),528
720575940627782014,hDeltaF,FB local (steering computation),529
720575940628029378,hDeltaF,FB local (steering computation),530
720575940635969758,hDeltaF,FB local (steering computation),531
720575940604612832,hDeltaG,FB local (steering computation),532
720575940608208835,hDeltaG,FB local (steering computation),533
720575940620841310,hDeltaG,FB local (steering computation),534
720575940629039660,hDeltaG,FB local (steering computation),535
720575940631347596,hDeltaG,FB local (steering computation),536
720575940633909600,hDeltaG,FB local (steering computation),537
720575940634313071,hDeltaG,FB local (steering computation),538
720575940638114357,hDeltaG,FB local (steering computation),539
720575940616410171,hDeltaH,FB local (steering computation),540
720575940619683311,hDeltaH,FB local (steering computation),541
720575940619913221,hDeltaH,FB local (steering computation),542
720575940621709388,hDeltaH,FB local (steering computation),543
720575940622471721,hDeltaH,FB local (steering computation),544
720575940631508255,hDeltaH,FB local (steering computation),545
720575940633437176,hDeltaH,FB local (steering computation),546
720575940643408164,hDeltaH,FB local (steering computation),547
720575940603048108,hDeltaI,FB local (steering computation),548
720575940608370866,hDeltaI,FB local (steering computation),549
720575940611091780,hDeltaI,FB local (steering computation),550
720575940612895650,hDeltaI,FB local (steering computation),551
720575940613268370,hDeltaI,FB local (steering computation),552
720575940613326250,hDeltaI,FB local (steering computation),553
720575940624905404,hDeltaI,FB local (steering computation),554
720575940626666345,hDeltaI,FB local (steering computation),555
720575940628120402,hDeltaI,FB local (steering computation),556
720575940630814762,hDeltaI,FB local (steering computation),557
720575940631785441,hDeltaI,FB local (steering computation),558
720575940632097965,hDeltaI,FB local (steering computation),559
720575940632720279,hDeltaI,FB local (steering computation),560
720575940638006128,hDeltaI,FB local (steering computation),561
720575940639710883,hDeltaI,FB local (steering computation),562
720575940643937316,hDeltaI,FB local (steering computation),563
720575940650420726,hDeltaI,FB local (steering computation),564
720575940602747360,hDeltaJ,FB local (steering computation),565
720575940602920364,hDeltaJ,FB local (steering computation),566
720575940606683228,hDeltaJ,FB local (steering computation),567
720575940607309577,hDeltaJ,FB local (steering computation),568
720575940612972693,hDeltaJ,FB local (steering computation),569
720575940615193138,hDeltaJ,FB local (steering computation),570
720575940616330267,hDeltaJ,FB local (steering computation),571
720575940617073876,hDeltaJ,FB local (steering computation),572
720575940617949861,hDeltaJ,FB local (steering computation),573
720575940618744047,hDeltaJ,FB local (steering computation),574
720575940619293622,hDeltaJ,FB local (steering computation),575
720575940621838826,hDeltaJ,FB local (steering computation),576
720575940622438634,hDeltaJ,FB local (steering computation),577
720575940622683491,hDeltaJ,FB local (steering computation),578
720575940623222542,hDeltaJ,FB local (steering computation),579
720575940623310780,hDeltaJ,FB local (steering computation),580
720575940623590221,hDeltaJ,FB local (steering computation),581
720575940624103399,hDeltaJ,FB local (steering computation),582
720575940624940336,hDeltaJ,FB local (steering computation),583
720575940626429383,hDeltaJ,FB local (steering computation),584
720575940630020409,hDeltaJ,FB local (steering computation),585
720575940630556743,hDeltaJ,FB local (steering computation),586
720575940630692143,hDeltaJ,FB local (steering computation),587
720575940630892344,hDeltaJ,FB local (steering computation),588
720575940636702174,hDeltaJ,FB local (steering computation),589
720575940639468789,hDeltaJ,FB local (steering computation),590
720575940639596507,hDeltaJ,FB local (steering computation),591
720575940639598963,hDeltaJ,FB local (steering computation),592
720575940645448756,hDeltaJ,FB local (steering computation),593
720575940650870774,hDeltaJ,FB local (steering computation),594
720575940606731529,hDeltaK,FB local (steering computation),595
720575940607837707,hDeltaK,FB local (steering computation),596
720575940609774434,hDeltaK,FB local (steering computation),597
720575940611117380,hDeltaK,FB local (steering computation),598
720575940612973096,hDeltaK,FB local (steering computation),599
720575940615687380,hDeltaK,FB local (steering computation),600
720575940615783097,hDeltaK,FB local (steering computation),601
720575940616103254,hDeltaK,FB local (steering computation),602
720575940620932813,hDeltaK,FB local (steering computation),603
720575940622136129,hDeltaK,FB local (steering computation),604
720575940622899453,hDeltaK,FB local (steering computation),605
720575940623154407,hDeltaK,FB local (steering computation),606
720575940623801125,hDeltaK,FB local (steering computation),607
720575940624222014,hDeltaK,FB local (steering computation),608
720575940625721331,hDeltaK,FB local (steering computation),609
720575940626371898,hDeltaK,FB local (steering computation),610
720575940627228328,hDeltaK,FB local (steering computation),611
720575940630335596,hDeltaK,FB local (steering computation),612
720575940631483167,hDeltaK,FB local (steering computation),613
720575940631620689,hDeltaK,FB local (steering computation),614
720575940631725087,hDeltaK,FB local (steering computation),615
720575940632718944,hDeltaK,FB local (steering computation),616
720575940633412971,hDeltaK,FB local (steering computation),617
720575940633744747,hDeltaK,FB local (steering computation),618
720575940634046399,hDeltaK,FB local (steering computation),619
720575940636914287,hDeltaK,FB local (steering computation),620
720575940636969182,hDeltaK,FB local (steering computation),621
720575940641215104,hDeltaK,FB local (steering computation),622
720575940641239181,hDeltaK,FB local (steering computation),623
720575940641567885,hDeltaK,FB local (steering computation),624
720575940641591248,hDeltaK,FB local (steering computation),625
720575940611415449,hDeltaL,FB local (steering computation),626
720575940614017534,hDeltaL,FB local (steering computation),627
720575940619715568,hDeltaL,FB local (steering computation),628
720575940624888880,hDeltaL,FB local (steering computation),629
720575940627807994,hDeltaL,FB local (steering computation),630
720575940630590255,hDeltaL,FB local (steering computation),631
720575940631257647,hDeltaL,FB local (steering computation),632
720575940633013412,hDeltaL,FB local (steering computation),633
720575940636313701,hDeltaL,FB local (steering computation),634
720575940636588724,hDeltaL,FB local (steering computation),635
720575940637729370,hDeltaL,FB local (steering computation),636
720575940643338020,hDeltaL,FB local (steering computation),637
720575940616097093,hDeltaM,FB local (steering computation),638
720575940621501720,hDeltaM,FB local (steering computation),639
720575940623490748,hDeltaM,FB local (steering computation),640
720575940629076473,hDeltaM,FB local (steering computation),641
720575940635095452,hDeltaM,FB local (steering computation),642
720575940637238505,hDeltaM,FB local (steering computation),643
720575940638328765,hDeltaM,FB local (steering computation),644
720575940651284726,hDeltaM,FB local (steering computation),645
720575940603747360,PFNa,FB columnar (steering/goal input),646
720575940607227228,PFNa,FB columnar (steering/goal input),647
720575940607250697,PFNa,FB columnar (steering/goal input),648
720575940607285001,PFNa,FB columnar (steering/goal input),649
720575940607721685,PFNa,FB columnar (steering/goal input),650
720575940608047299,PFNa,FB columnar (steering/goal input),651
720575940610157410,PFNa,FB columnar (steering/goal input),652
720575940610640357,PFNa,FB columnar (steering/goal input),653
720575940610860250,PFNa,FB columnar (steering/goal input),654
720575940611583923,PFNa,FB columnar (steering/goal input),655
720575940612861842,PFNa,FB columnar (steering/goal input),656
720575940613353726,PFNa,FB columnar (steering/goal input),657
720575940613441442,PFNa,FB columnar (steering/goal input),658
720575940614920379,PFNa,FB columnar (steering/goal input),659
720575940616855074,PFNa,FB columnar (steering/goal input),660
720575940617819185,PFNa,FB columnar (steering/goal input),661
720575940617920670,PFNa,FB columnar (steering/goal input),662
720575940618403719,PFNa,FB columnar (steering/goal input),663
720575940618627377,PFNa,FB columnar (steering/goal input),664
720575940618858837,PFNa,FB columnar (steering/goal input),665
720575940619085478,PFNa,FB columnar (steering/goal input),666
720575940619160769,PFNa,FB columnar (steering/goal input),667
720575940619503445,PFNa,FB columnar (steering/goal input),668
720575940619737510,PFNa,FB columnar (steering/goal input),669
720575940619780973,PFNa,FB columnar (steering/goal input),670
720575940619781229,PFNa,FB columnar (steering/goal input),671
720575940621040112,PFNa,FB columnar (steering/goal input),672
720575940621442601,PFNa,FB columnar (steering/goal input),673
720575940622569827,PFNa,FB columnar (steering/goal input),674
720575940623233259,PFNa,FB columnar (steering/goal input),675
720575940623344460,PFNa,FB columnar (steering/goal input),676
720575940623500692,PFNa,FB columnar (steering/goal input),677
720575940624617397,PFNa,FB columnar (steering/goal input),678
720575940624759652,PFNa,FB columnar (steering/goal input),679
720575940624827523,PFNa,FB columnar (steering/goal input),680
720575940625172764,PFNa,FB columnar (steering/goal input),681
720575940625821017,PFNa,FB columnar (steering/goal input),682
720575940626535189,PFNa,FB columnar (steering/goal input),683
720575940626781522,PFNa,FB columnar (steering/goal input),684
720575940626964240,PFNa,FB columnar (steering/goal input),685
720575940627067654,PFNa,FB columnar (steering/goal input),686
720575940627418750,PFNa,FB columnar (steering/goal input),687
720575940628045762,PFNa,FB columnar (steering/goal input),688
720575940629597647,PFNa,FB columnar (steering/goal input),689
720575940629865925,PFNa,FB columnar (steering/goal input),690
720575940630343210,PFNa,FB columnar (steering/goal input),691
720575940632669977,PFNa,FB columnar (steering/goal input),692
720575940633658559,PFNa,FB columnar (steering/goal input),693
720575940636380649,PFNa,FB columnar (steering/goal input),694
720575940637837621,PFNa,FB columnar (steering/goal input),695
720575940638076733,PFNa,FB columnar (steering/goal input),696
720575940638663000,PFNa,FB columnar (steering/goal input),697
720575940639935963,PFNa,FB columnar (steering/goal input),698
720575940642486747,PFNa,FB columnar (steering/goal input),699
720575940643567652,PFNa,FB columnar (steering/goal input),700
720575940607287305,PFNd,FB columnar (steering/goal input),701
720575940611939026,PFNd,FB columnar (steering/goal input),702
720575940612892670,PFNd,FB columnar (steering/goal input),703
720575940612939154,PFNd,FB columnar (steering/goal input),704
720575940613214098,PFNd,FB columnar (steering/goal input),705
720575940613674663,PFNd,FB columnar (steering/goal input),706
720575940613714430,PFNd,FB columnar (steering/goal input),707
720575940613754527,PFNd,FB columnar (steering/goal input),708
720575940615183755,PFNd,FB columnar (steering/goal input),709
720575940615502130,PFNd,FB columnar (steering/goal input),710
720575940615654100,PFNd,FB columnar (steering/goal input),711
720575940617585624,PFNd,FB columnar (steering/goal input),712
720575940618198977,PFNd,FB columnar (steering/goal input),713
720575940618997440,PFNd,FB columnar (steering/goal input),714
720575940620789697,PFNd,FB columnar (steering/goal input),715
720575940620818977,PFNd,FB columnar (steering/goal input),716
720575940621088536,PFNd,FB columnar (steering/goal input),717
720575940621276952,PFNd,FB columnar (steering/goal input),718
720575940621749261,PFNd,FB columnar (steering/goal input),719
720575940621764490,PFNd,FB columnar (steering/goal input),720
720575940622296573,PFNd,FB columnar (steering/goal input),721
720575940622940967,PFNd,FB columnar (steering/goal input),722
720575940622986219,PFNd,FB columnar (steering/goal input),723
720575940624562952,PFNd,FB columnar (steering/goal input),724
720575940625541434,PFNd,FB columnar (steering/goal input),725
720575940627385031,PFNd,FB columnar (steering/goal input),726
720575940627934449,PFNd,FB columnar (steering/goal input),727
720575940628029634,PFNd,FB columnar (steering/goal input),728
720575940629712727,PFNd,FB columnar (steering/goal input),729
720575940629758762,PFNd,FB columnar (steering/goal input),730
720575940630019323,PFNd,FB columnar (steering/goal input),731
720575940631049519,PFNd,FB columnar (steering/goal input),732
720575940632339682,PFNd,FB columnar (steering/goal input),733
720575940634843247,PFNd,FB columnar (steering/goal input),734
720575940638060632,PFNd,FB columnar (steering/goal input),735
720575940638542424,PFNd,FB columnar (steering/goal input),736
720575940639473909,PFNd,FB columnar (steering/goal input),737
720575940639590528,PFNd,FB columnar (steering/goal input),738
720575940640785267,PFNd,FB columnar (steering/goal input),739
720575940645009699,PFNd,FB columnar (steering/goal input),740
720575940604561766,PFNm,FB columnar (steering/goal input),741
720575940607290633,PFNm,FB columnar (steering/goal input),742
720575940607330825,PFNm,FB columnar (steering/goal input),743
720575940608068035,PFNm,FB columnar (steering/goal input),744
720575940610177203,PFNm,FB columnar (steering/goal input),745
720575940610363059,PFNm,FB columnar (steering/goal input),746
720575940610615269,PFNm,FB columnar (steering/goal input),747
720575940610682261,PFNm,FB columnar (steering/goal input),748
720575940611102469,PFNm,FB columnar (steering/goal input),749
720575940611612018,PFNm,FB columnar (steering/goal input),750
720575940612453522,PFNm,FB columnar (steering/goal input),751
720575940612568985,PFNm,FB columnar (steering/goal input),752
720575940613434786,PFNm,FB columnar (steering/goal input),753
720575940613497490,PFNm,FB columnar (steering/goal input),754
720575940613958412,PFNm,FB columnar (steering/goal input),755
720575940614900127,PFNm,FB columnar (steering/goal input),756
720575940615748753,PFNm,FB columnar (steering/goal input),757
720575940616221401,PFNm,FB columnar (steering/goal input),758
720575940616571682,PFNm,FB columnar (steering/goal input),759
720575940616842141,PFNm,FB columnar (steering/goal input),760
720575940618153153,PFNm,FB columnar (steering/goal input),761
720575940618348760,PFNm,FB columnar (steering/goal input),762
720575940618648235,PFNm,FB columnar (steering/goal input),763
720575940618774352,PFNm,FB columnar (steering/goal input),764
720575940618798470,PFNm,FB columnar (steering/goal input),765
720575940619051088,PFNm,FB columnar (steering/goal input),766
720575940619087013,PFNm,FB columnar (steering/goal input),767
720575940619419227,PFNm,FB columnar (steering/goal input),768
720575940619469488,PFNm,FB columnar (steering/goal input),769
720575940619835892,PFNm,FB columnar (steering/goal input),770
720575940620142196,PFNm,FB columnar (steering/goal input),771
720575940620391337,PFNm,FB columnar (steering/goal input),772
720575940620478847,PFNm,FB columnar (steering/goal input),773
720575940620649292,PFNm,FB columnar (steering/goal input),774
720575940621496956,PFNm,FB columnar (steering/goal input),775
720575940621656815,PFNm,FB columnar (steering/goal input),776
720575940622455369,PFNm,FB columnar (steering/goal input),777
720575940623498476,PFNm,FB columnar (steering/goal input),778
720575940624082725,PFNm,FB columnar (steering/goal input),779
720575940624163109,PFNm,FB columnar (steering/goal input),780
720575940624280676,PFNm,FB columnar (steering/goal input),781
720575940624836810,PFNm,FB columnar (steering/goal input),782
720575940625176092,PFNm,FB columnar (steering/goal input),783
720575940625453145,PFNm,FB columnar (steering/goal input),784
720575940625537301,PFNm,FB columnar (steering/goal input),785
720575940625951321,PFNm,FB columnar (steering/goal input),786
720575940626534986,PFNm,FB columnar (steering/goal input),787
720575940626579185,PFNm,FB columnar (steering/goal input),788
720575940626894588,PFNm,FB columnar (steering/goal input),789
720575940628031531,PFNm,FB columnar (steering/goal input),790
720575940628218959,PFNm,FB columnar (steering/goal input),791
720575940628763002,PFNm,FB columnar (steering/goal input),792
720575940628972119,PFNm,FB columnar (steering/goal input),793
720575940629497462,PFNm,FB columnar (steering/goal input),794
720575940629550039,PFNm,FB columnar (steering/goal input),795
720575940629609167,PFNm,FB columnar (steering/goal input),796
720575940630050105,PFNm,FB columnar (steering/goal input),797
720575940630058827,PFNm,FB columnar (steering/goal input),798
720575940630278028,PFNm,FB columnar (steering/goal input),799
720575940630758014,PFNm,FB columnar (steering/goal input),800
720575940631024977,PFNm,FB columnar (steering/goal input),801
720575940633368171,PFNm,FB columnar (steering/goal input),802
720575940633623743,PFNm,FB columnar (steering/goal input),803
720575940633819487,PFNm,FB columnar (steering/goal input),804
720575940634036159,PFNm,FB columnar (steering/goal input),805
720575940635201422,PFNm,FB columnar (steering/goal input),806
720575940635229797,PFNm,FB columnar (steering/goal input),807
720575940635239342,PFNm,FB columnar (steering/goal input),808
720575940635412622,PFNm,FB columnar (steering/goal input),809
720575940635462318,PFNm,FB columnar (steering/goal input),810
720575940635586851,PFNm,FB columnar (steering/goal input),811
720575940635814512,PFNm,FB columnar (steering/goal input),812
720575940636802532,PFNm,FB columnar (steering/goal input),813
720575940636916713,PFNm,FB columnar (steering/goal input),814
720575940638017862,PFNm,FB columnar (steering/goal input),815
720575940638490531,PFNm,FB columnar (steering/goal input),816
720575940638494416,PFNm,FB columnar (steering/goal input),817
720575940638662232,PFNm,FB columnar (steering/goal input),818
720575940642071968,PFNm,FB columnar (steering/goal input),819
720575940643221271,PFNm,FB columnar (steering/goal input),820
720575940644631587,PFNm,FB columnar (steering/goal input),821
720575940647872889,PFNm,FB columnar (steering/goal input),822
720575940654008993,PFNm,FB columnar (steering/goal input),823
720575940603409632,PFNp,FB columnar (steering/goal input),824
720575940603942846,PFNp,FB columnar (steering/goal input),825
720575940603942944,PFNp,FB columnar (steering/goal input),826
720575940604157361,PFNp,FB columnar (steering/goal input),827
720575940604498208,PFNp,FB columnar (steering/goal input),828
720575940604518944,PFNp,FB columnar (steering/goal input),829
720575940604667825,PFNp,FB columnar (steering/goal input),830
720575940604786889,PFNp,FB columnar (steering/goal input),831
720575940605591730,PFNp,FB columnar (steering/goal input),832
720575940605890434,PFNp,FB columnar (steering/goal input),833
720575940606734258,PFNp,FB columnar (steering/goal input),834
720575940608064707,PFNp,FB columnar (steering/goal input),835
720575940608147413,PFNp,FB columnar (steering/goal input),836
720575940608435012,PFNp,FB columnar (steering/goal input),837
720575940608939362,PFNp,FB columnar (steering/goal input),838
720575940609019512,PFNp,FB columnar (steering/goal input),839
720575940609175758,PFNp,FB columnar (steering/goal input),840
720575940609183950,PFNp,FB columnar (steering/goal input),841
720575940609536120,PFNp,FB columnar (steering/goal input),842
720575940609843349,PFNp,FB columnar (steering/goal input),843
720575940609869922,PFNp,FB columnar (steering/goal input),844
720575940610403826,PFNp,FB columnar (steering/goal input),845
720575940610444530,PFNp,FB columnar (steering/goal input),846
720575940610449587,PFNp,FB columnar (steering/goal input),847
720575940610451123,PFNp,FB columnar (steering/goal input),848
720575940610612337,PFNp,FB columnar (steering/goal input),849
720575940610686938,PFNp,FB columnar (steering/goal input),850
720575940610929114,PFNp,FB columnar (steering/goal input),851
720575940611944675,PFNp,FB columnar (steering/goal input),852
720575940611947235,PFNp,FB columnar (steering/goal input),853
720575940612248883,PFNp,FB columnar (steering/goal input),854
720575940612310824,PFNp,FB columnar (steering/goal input),855
720575940612710184,PFNp,FB columnar (steering/goal input),856
720575940612712401,PFNp,FB columnar (steering/goal input),857
720575940612765330,PFNp,FB columnar (steering/goal input),858
720575940612831486,PFNp,FB columnar (steering/goal input),859
720575940612862882,PFNp,FB columnar (steering/goal input),860
720575940613115289,PFNp,FB columnar (steering/goal input),861
720575940613184362,PFNp,FB columnar (steering/goal input),862
720575940613301471,PFNp,FB columnar (steering/goal input),863
720575940613374879,PFNp,FB columnar (steering/goal input),864
720575940613403042,PFNp,FB columnar (steering/goal input),865
720575940613412258,PFNp,FB columnar (steering/goal input),866
720575940613492114,PFNp,FB columnar (steering/goal input),867
720575940613526674,PFNp,FB columnar (steering/goal input),868
720575940613552018,PFNp,FB columnar (steering/goal input),869
720575940614002143,PFNp,FB columnar (steering/goal input),870
720575940614123570,PFNp,FB columnar (steering/goal input),871
720575940614355654,PFNp,FB columnar (steering/goal input),872
720575940614735558,PFNp,FB columnar (steering/goal input),873
720575940614886331,PFNp,FB columnar (steering/goal input),874
720575940614923963,PFNp,FB columnar (steering/goal input),875
720575940615043670,PFNp,FB columnar (steering/goal input),876
720575940615098683,PFNp,FB columnar (steering/goal input),877
720575940615661661,PFNp,FB columnar (steering/goal input),878
720575940615664779,PFNp,FB columnar (steering/goal input),879
720575940615682955,PFNp,FB columnar (steering/goal input),880
720575940615694009,PFNp,FB columnar (steering/goal input),881
720575940615742977,PFNp,FB columnar (steering/goal input),882
720575940615782841,PFNp,FB columnar (steering/goal input),883
720575940615916957,PFNp,FB columnar (steering/goal input),884
720575940615988710,PFNp,FB columnar (steering/goal input),885
720575940616007005,PFNp,FB columnar (steering/goal input),886
720575940616136733,PFNp,FB columnar (steering/goal input),887
720575940616287377,PFNp,FB columnar (steering/goal input),888
720575940616299348,PFNp,FB columnar (steering/goal input),889
720575940616462310,PFNp,FB columnar (steering/goal input),890
720575940616571938,PFNp,FB columnar (steering/goal input),891
720575940616580379,PFNp,FB columnar (steering/goal input),892
720575940616599360,PFNp,FB columnar (steering/goal input),893
720575940616765469,PFNp,FB columnar (steering/goal input),894
720575940616884765,PFNp,FB columnar (steering/goal input),895
720575940617417270,PFNp,FB columnar (steering/goal input),896
720575940617523416,PFNp,FB columnar (steering/goal input),897
720575940617559125,PFNp,FB columnar (steering/goal input),898
720575940618146901,PFNp,FB columnar (steering/goal input),899
720575940618248869,PFNp,FB columnar (steering/goal input),900
720575940618461349,PFNp,FB columnar (steering/goal input),901
720575940618709184,PFNp,FB columnar (steering/goal input),902
720575940618710918,PFNp,FB columnar (steering/goal input),903
720575940618742864,PFNp,FB columnar (steering/goal input),904
720575940619010286,PFNp,FB columnar (steering/goal input),905
720575940619056705,PFNp,FB columnar (steering/goal input),906
720575940619068352,PFNp,FB columnar (steering/goal input),907
720575940619069093,PFNp,FB columnar (steering/goal input),908
720575940619114689,PFNp,FB columnar (steering/goal input),909
720575940619228737,PFNp,FB columnar (steering/goal input),910
720575940619253869,PFNp,FB columnar (steering/goal input),911
720575940619274416,PFNp,FB columnar (steering/goal input),912
720575940619401563,PFNp,FB columnar (steering/goal input),913
720575940619818593,PFNp,FB columnar (steering/goal input),914
720575940619968892,PFNp,FB columnar (steering/goal input),915
720575940620007412,PFNp,FB columnar (steering/goal input),916
720575940620109082,PFNp,FB columnar (steering/goal input),917
720575940620267073,PFNp,FB columnar (steering/goal input),918
720575940620443764,PFNp,FB columnar (steering/goal input),919
720575940620476748,PFNp,FB columnar (steering/goal input),920
720575940620554740,PFNp,FB columnar (steering/goal input),921
720575940620708702,PFNp,FB columnar (steering/goal input),922
720575940620818721,PFNp,FB columnar (steering/goal input),923
720575940620899964,PFNp,FB columnar (steering/goal input),924
720575940621073246,PFNp,FB columnar (steering/goal input),925
720575940621086079,PFNp,FB columnar (steering/goal input),926
720575940621132065,PFNp,FB columnar (steering/goal input),927
720575940621167496,PFNp,FB columnar (steering/goal input),928
720575940621289571,PFNp,FB columnar (steering/goal input),929
720575940621292996,PFNp,FB columnar (steering/goal input),930
720575940621478861,PFNp,FB columnar (steering/goal input),931
720575940621499004,PFNp,FB columnar (steering/goal input),932
720575940621501380,PFNp,FB columnar (steering/goal input),933
720575940621537023,PFNp,FB columnar (steering/goal input),934
720575940621598954,PFNp,FB columnar (steering/goal input),935
720575940621750285,PFNp,FB columnar (steering/goal input),936
720575940622147881,PFNp,FB columnar (steering/goal input),937
720575940622307248,PFNp,FB columnar (steering/goal input),938
720575940622312472,PFNp,FB columnar (steering/goal input),939
720575940622331274,PFNp,FB columnar (steering/goal input),940
720575940622331786,PFNp,FB columnar (steering/goal input),941
720575940622840300,PFNp,FB columnar (steering/goal input),942
720575940623022315,PFNp,FB columnar (steering/goal input),943
720575940623059214,PFNp,FB columnar (steering/goal input),944
720575940623194632,PFNp,FB columnar (steering/goal input),945
720575940623419465,PFNp,FB columnar (steering/goal input),946
720575940623440381,PFNp,FB columnar (steering/goal input),947
720575940623468988,PFNp,FB columnar (steering/goal input),948
720575940623540007,PFNp,FB columnar (steering/goal input),949
720575940623581005,PFNp,FB columnar (steering/goal input),950
720575940624039370,PFNp,FB columnar (steering/goal input),951
720575940624274276,PFNp,FB columnar (steering/goal input),952
720575940624326462,PFNp,FB columnar (steering/goal input),953
720575940624336316,PFNp,FB columnar (steering/goal input),954
720575940624337338,PFNp,FB columnar (steering/goal input),955
720575940624608714,PFNp,FB columnar (steering/goal input),956
720575940624612912,PFNp,FB columnar (steering/goal input),957
720575940624638650,PFNp,FB columnar (steering/goal input),958
720575940624738234,PFNp,FB columnar (steering/goal input),959
720575940624852057,PFNp,FB columnar (steering/goal input),960
720575940624888010,PFNp,FB columnar (steering/goal input),961
720575940625009182,PFNp,FB columnar (steering/goal input),962
720575940625013144,PFNp,FB columnar (steering/goal input),963
720575940625131913,PFNp,FB columnar (steering/goal input),964
720575940625413763,PFNp,FB columnar (steering/goal input),965
720575940625424642,PFNp,FB columnar (steering/goal input),966
720575940625470266,PFNp,FB columnar (steering/goal input),967
720575940625748753,PFNp,FB columnar (steering/goal input),968
720575940626119240,PFNp,FB columnar (steering/goal input),969
720575940626237726,PFNp,FB columnar (steering/goal input),970
720575940626493461,PFNp,FB columnar (steering/goal input),971
720575940626749545,PFNp,FB columnar (steering/goal input),972
720575940626759656,PFNp,FB columnar (steering/goal input),973
720575940626856041,PFNp,FB columnar (steering/goal input),974
720575940626897148,PFNp,FB columnar (steering/goal input),975
720575940626947331,PFNp,FB columnar (steering/goal input),976
720575940627029254,PFNp,FB columnar (steering/goal input),977
720575940627119089,PFNp,FB columnar (steering/goal input),978
720575940627121168,PFNp,FB columnar (steering/goal input),979
720575940627137009,PFNp,FB columnar (steering/goal input),980
720575940627296652,PFNp,FB columnar (steering/goal input),981
720575940627305100,PFNp,FB columnar (steering/goal input),982
720575940627615610,PFNp,FB columnar (steering/goal input),983
720575940627648299,PFNp,FB columnar (steering/goal input),984
720575940627667984,PFNp,FB columnar (steering/goal input),985
720575940628048428,PFNp,FB columnar (steering/goal input),986
720575940628072748,PFNp,FB columnar (steering/goal input),987
720575940628182722,PFNp,FB columnar (steering/goal input),988
720575940628211340,PFNp,FB columnar (steering/goal input),989
720575940628242220,PFNp,FB columnar (steering/goal input),990
720575940628307706,PFNp,FB columnar (steering/goal input),991
720575940628375166,PFNp,FB columnar (steering/goal input),992
720575940628552826,PFNp,FB columnar (steering/goal input),993
720575940628585922,PFNp,FB columnar (steering/goal input),994
720575940628623616,PFNp,FB columnar (steering/goal input),995
720575940628630011,PFNp,FB columnar (steering/goal input),996
720575940628806607,PFNp,FB columnar (steering/goal input),997
720575940628819447,PFNp,FB columnar (steering/goal input),998
720575940629117566,PFNp,FB columnar (steering/goal input),999
720575940629357074,PFNp,FB columnar (steering/goal input),1000
720575940629388027,PFNp,FB columnar (steering/goal input),1001
720575940629399287,PFNp,FB columnar (steering/goal input),1002
720575940629448463,PFNp,FB columnar (steering/goal input),1003
720575940629515126,PFNp,FB columnar (steering/goal input),1004
720575940629516793,PFNp,FB columnar (steering/goal input),1005
720575940629786103,PFNp,FB columnar (steering/goal input),1006
720575940629864259,PFNp,FB columnar (steering/goal input),1007
720575940629889080,PFNp,FB columnar (steering/goal input),1008
720575940630016249,PFNp,FB columnar (steering/goal input),1009
720575940630410321,PFNp,FB columnar (steering/goal input),1010
720575940630411823,PFNp,FB columnar (steering/goal input),1011
720575940630596921,PFNp,FB columnar (steering/goal input),1012
720575940630602444,PFNp,FB columnar (steering/goal input),1013
720575940630786733,PFNp,FB columnar (steering/goal input),1014
720575940630984749,PFNp,FB columnar (steering/goal input),1015
720575940631369149,PFNp,FB columnar (steering/goal input),1016
720575940631698861,PFNp,FB columnar (steering/goal input),1017
720575940631724717,PFNp,FB columnar (steering/goal input),1018
720575940632082148,PFNp,FB columnar (steering/goal input),1019
720575940632216289,PFNp,FB columnar (steering/goal input),1020
720575940632653719,PFNp,FB columnar (steering/goal input),1021
720575940632707539,PFNp,FB columnar (steering/goal input),1022
720575940633015452,PFNp,FB columnar (steering/goal input),1023
720575940633021084,PFNp,FB columnar (steering/goal input),1024
720575940633423255,PFNp,FB columnar (steering/goal input),1025
720575940633724852,PFNp,FB columnar (steering/goal input),1026
720575940633815800,PFNp,FB columnar (steering/goal input),1027
720575940633848683,PFNp,FB columnar (steering/goal input),1028
720575940633946045,PFNp,FB columnar (steering/goal input),1029
720575940633946775,PFNp,FB columnar (steering/goal input),1030
720575940634244207,PFNp,FB columnar (steering/goal input),1031
720575940634348024,PFNp,FB columnar (steering/goal input),1032
720575940634355960,PFNp,FB columnar (steering/goal input),1033
720575940634360056,PFNp,FB columnar (steering/goal input),1034
720575940635588131,PFNp,FB columnar (steering/goal input),1035
720575940637356351,PFNp,FB columnar (steering/goal input),1036
720575940637790013,PFNp,FB columnar (steering/goal input),1037
720575940637890621,PFNp,FB columnar (steering/goal input),1038
720575940638070862,PFNp,FB columnar (steering/goal input),1039
720575940638081870,PFNp,FB columnar (steering/goal input),1040
720575940638086528,PFNp,FB columnar (steering/goal input),1041
720575940638319744,PFNp,FB columnar (steering/goal input),1042
720575940638498000,PFNp,FB columnar (steering/goal input),1043
720575940638542936,PFNp,FB columnar (steering/goal input),1044
720575940638608216,PFNp,FB columnar (steering/goal input),1045
720575940638845648,PFNp,FB columnar (steering/goal input),1046
720575940638846080,PFNp,FB columnar (steering/goal input),1047
720575940638846848,PFNp,FB columnar (steering/goal input),1048
720575940640359643,PFNp,FB columnar (steering/goal input),1049
720575940640993933,PFNp,FB columnar (steering/goal input),1050
720575940641723808,PFNp,FB columnar (steering/goal input),1051
720575940642013088,PFNp,FB columnar (steering/goal input),1052
720575940642245064,PFNp,FB columnar (steering/goal input),1053
720575940643498788,PFNp,FB columnar (steering/goal input),1054
720575940643526510,PFNp,FB columnar (steering/goal input),1055
720575940643535982,PFNp,FB columnar (steering/goal input),1056
720575940644607011,PFNp,FB columnar (steering/goal input),1057
720575940644786228,PFNp,FB columnar (steering/goal input),1058
720575940645202467,PFNp,FB columnar (steering/goal input),1059
720575940645238819,PFNp,FB columnar (steering/goal input),1060
720575940645448995,PFNp,FB columnar (steering/goal input),1061
720575940645552948,PFNp,FB columnar (steering/goal input),1062
720575940645918340,PFNp,FB columnar (steering/goal input),1063
720575940648938617,PFNp,FB columnar (steering/goal input),1064
720575940650362614,PFNp,FB columnar (steering/goal input),1065
720575940653093793,PFNp,FB columnar (steering/goal input),1066
720575940658852481,PFNp,FB columnar (steering/goal input),1067
720575940604518432,PFNv,FB columnar (steering/goal input),1068
720575940610178417,PFNv,FB columnar (steering/goal input),1069
720575940611527794,PFNv,FB columnar (steering/goal input),1070
720575940612589735,PFNv,FB columnar (steering/goal input),1071
720575940615220802,PFNv,FB columnar (steering/goal input),1072
720575940615973771,PFNv,FB columnar (steering/goal input),1073
720575940616543745,PFNv,FB columnar (steering/goal input),1074
720575940616966557,PFNv,FB columnar (steering/goal input),1075
720575940620957353,PFNv,FB columnar (steering/goal input),1076
720575940621202200,PFNv,FB columnar (steering/goal input),1077
720575940621343764,PFNv,FB columnar (steering/goal input),1078
720575940621712166,PFNv,FB columnar (steering/goal input),1079
720575940624737869,PFNv,FB columnar (steering/goal input),1080
720575940626692039,PFNv,FB columnar (steering/goal input),1081
720575940629526570,PFNv,FB columnar (steering/goal input),1082
720575940629999119,PFNv,FB columnar (steering/goal input),1083
720575940631520839,PFNv,FB columnar (steering/goal input),1084
720575940633303743,PFNv,FB columnar (steering/goal input),1085
720575940634360824,PFNv,FB columnar (steering/goal input),1086
720575940636662244,PFNv,FB columnar (steering/goal input),1087
720575940643702551,PFNv,FB columnar (steering/goal input),1088
720575940606646962,FC1A,FB columnar (output),1089
720575940606933634,FC1A,FB columnar (output),1090
720575940610642289,FC1A,FB columnar (output),1091
720575940610810482,FC1A,FB columnar (output),1092
720575940611453041,FC1A,FB columnar (output),1093
720575940614939990,FC1A,FB columnar (output),1094
720575940615133755,FC1A,FB columnar (output),1095
720575940616323101,FC1A,FB columnar (output),1096
720575940616829481,FC1A,FB columnar (output),1097
720575940618781861,FC1A,FB columnar (output),1098
720575940619141405,FC1A,FB columnar (output),1099
720575940619989765,FC1A,FB columnar (output),1100
720575940620831308,FC1A,FB columnar (output),1101
720575940621512291,FC1A,FB columnar (output),1102
720575940622345933,FC1A,FB columnar (output),1103
720575940623889552,FC1A,FB columnar (output),1104
720575940624023480,FC1A,FB columnar (output),1105
720575940624282430,FC1A,FB columnar (output),1106
720575940624417052,FC1A,FB columnar (output),1107
720575940624483216,FC1A,FB columnar (output),1108
720575940625395096,FC1A,FB columnar (output),1109
720575940626063944,FC1A,FB columnar (output),1110
720575940626102790,FC1A,FB columnar (output),1111
720575940626510666,FC1A,FB columnar (output),1112
720575940626819088,FC1A,FB columnar (output),1113
720575940627426069,FC1A,FB columnar (output),1114
720575940627618801,FC1A,FB columnar (output),1115
720575940628797512,FC1A,FB columnar (output),1116
720575940629196283,FC1A,FB columnar (output),1117
720575940630836807,FC1A,FB columnar (output),1118
720575940630993581,FC1A,FB columnar (output),1119
720575940631080552,FC1A,FB columnar (output),1120
720575940631132985,FC1A,FB columnar (output),1121
720575940632091929,FC1A,FB columnar (output),1122
720575940633791571,FC1A,FB columnar (output),1123
720575940638252672,FC1A,FB columnar (output),1124
720575940638310784,FC1A,FB columnar (output),1125
720575940641981600,FC1A,FB columnar (output),1126
720575940606681099,FC1C,FB columnar (output),1127
720575940608242756,FC1C,FB columnar (output),1128
720575940610161813,FC1C,FB columnar (output),1129
720575940611243946,FC1C,FB columnar (output),1130
720575940611263602,FC1C,FB columnar (output),1131
720575940611419414,FC1C,FB columnar (output),1132
720575940612585011,FC1C,FB columnar (output),1133
720575940612594855,FC1C,FB columnar (output),1134
720575940613729695,FC1C,FB columnar (output),1135
720575940614308283,FC1C,FB columnar (output),1136
720575940616520517,FC1C,FB columnar (output),1137
720575940617773865,FC1C,FB columnar (output),1138
720575940617934576,FC1C,FB columnar (output),1139
720575940619157595,FC1C,FB columnar (output),1140
720575940619327041,FC1C,FB columnar (output),1141
720575940620339438,FC1C,FB columnar (output),1142
720575940623956813,FC1C,FB columnar (output),1143
720575940624276410,FC1C,FB columnar (output),1144
720575940624861017,FC1C,FB columnar (output),1145
720575940625437706,FC1C,FB columnar (output),1146
720575940625493604,FC1C,FB columnar (output),1147
720575940626347848,FC1C,FB columnar (output),1148
720575940626351256,FC1C,FB columnar (output),1149
720575940626682384,FC1C,FB columnar (output),1150
720575940627104259,FC1C,FB columnar (output),1151
720575940628639735,FC1C,FB columnar (output),1152
720575940628810071,FC1C,FB columnar (output),1153
720575940629538858,FC1C,FB columnar (output),1154
720575940630434430,FC1C,FB columnar (output),1155
720575940630541416,FC1C,FB columnar (output),1156
720575940636330729,FC1C,FB columnar (output),1157
720575940637344613,FC1C,FB columnar (output),1158
720575940637745853,FC1C,FB columnar (output),1159
720575940638678131,FC1C,FB columnar (output),1160
720575940640257152,FC1C,FB columnar (output),1161
720575940644615790,FC1C,FB columnar (output),1162
720575940650516214,FC1C,FB columnar (output),1163
720575940604065470,FC1D,FB columnar (output),1164
720575940604125105,FC1D,FB columnar (output),1165
720575940605384882,FC1D,FB columnar (output),1166
720575940609370466,FC1D,FB columnar (output),1167
720575940612824978,FC1D,FB columnar (output),1168
720575940613839116,FC1D,FB columnar (output),1169
720575940615650009,FC1D,FB columnar (output),1170
720575940615985449,FC1D,FB columnar (output),1171
720575940617211968,FC1D,FB columnar (output),1172
720575940617736827,FC1D,FB columnar (output),1173
720575940617921877,FC1D,FB columnar (output),1174
720575940619271344,FC1D,FB columnar (output),1175
720575940619891060,FC1D,FB columnar (output),1176
720575940620147067,FC1D,FB columnar (output),1177
720575940620719273,FC1D,FB columnar (output),1178
720575940621117684,FC1D,FB columnar (output),1179
720575940622709065,FC1D,FB columnar (output),1180
720575940623044327,FC1D,FB columnar (output),1181
720575940623807932,FC1D,FB columnar (output),1182
720575940626646790,FC1D,FB columnar (output),1183
720575940627543171,FC1D,FB columnar (output),1184
720575940628141818,FC1D,FB columnar (output),1185
720575940628707858,FC1D,FB columnar (output),1186
720575940628720079,FC1D,FB columnar (output),1187
720575940632841367,FC1D,FB columnar (output),1188
720575940633913239,FC1D,FB columnar (output),1189
720575940637898072,FC1D,FB columnar (output),1190
720575940643638807,FC1D,FB columnar (output),1191
720575940644808227,FC1D,FB columnar (output),1192
720575940604709920,FC2A,FB columnar (output),1193
720575940615463825,FC2A,FB columnar (output),1194
720575940616956673,FC2A,FB columnar (output),1195
720575940617501533,FC2A,FB columnar (output),1196
720575940618792942,FC2A,FB columnar (output),1197
720575940620014356,FC2A,FB columnar (output),1198
720575940622870666,FC2A,FB columnar (output),1199
720575940625579141,FC2A,FB columnar (output),1200
720575940627786270,FC2A,FB columnar (output),1201
720575940627943966,FC2A,FB columnar (output),1202
720575940630256402,FC2A,FB columnar (output),1203
720575940630976568,FC2A,FB columnar (output),1204
720575940631413156,FC2A,FB columnar (output),1205
720575940632803223,FC2A,FB columnar (output),1206
720575940634534255,FC2A,FB columnar (output),1207
720575940634647732,FC2A,FB columnar (output),1208
720575940642936100,FC2A,FB columnar (output),1209
720575940614442090,FC2B,FB columnar (output),1210
720575940614530098,FC2B,FB columnar (output),1211
720575940614738956,FC2B,FB columnar (output),1212
720575940615326779,FC2B,FB columnar (output),1213
720575940616968733,FC2B,FB columnar (output),1214
720575940618133371,FC2B,FB columnar (output),1215
720575940618463960,FC2B,FB columnar (output),1216
720575940619578608,FC2B,FB columnar (output),1217
720575940619935152,FC2B,FB columnar (output),1218
720575940620156795,FC2B,FB columnar (output),1219
720575940622406260,FC2B,FB columnar (output),1220
720575940622942868,FC2B,FB columnar (output),1221
720575940622943731,FC2B,FB columnar (output),1222
720575940623712656,FC2B,FB columnar (output),1223
720575940623784231,FC2B,FB columnar (output),1224
720575940624295096,FC2B,FB columnar (output),1225
720575940624611018,FC2B,FB columnar (output),1226
720575940625637562,FC2B,FB columnar (output),1227
720575940625678650,FC2B,FB columnar (output),1228
720575940627162344,FC2B,FB columnar (output),1229
720575940627740922,FC2B,FB columnar (output),1230
720575940628136809,FC2B,FB columnar (output),1231
720575940628860476,FC2B,FB columnar (output),1232
720575940631004728,FC2B,FB columnar (output),1233
720575940635530359,FC2B,FB columnar (output),1234
720575940636229183,FC2B,FB columnar (output),1235
720575940636735198,FC2B,FB columnar (output),1236
720575940637558618,FC2B,FB columnar (output),1237
720575940604064958,FC2C,FB columnar (output),1238
720575940608839800,FC2C,FB columnar (output),1239
720575940610634725,FC2C,FB columnar (output),1240
720575940612627058,FC2C,FB columnar (output),1241
720575940613005937,FC2C,FB columnar (output),1242
720575940613348271,FC2C,FB columnar (output),1243
720575940616617245,FC2C,FB columnar (output),1244
720575940616657989,FC2C,FB columnar (output),1245
720575940616967508,FC2C,FB columnar (output),1246
720575940617296155,FC2C,FB columnar (output),1247
720575940617600064,FC2C,FB columnar (output),1248
720575940617787550,FC2C,FB columnar (output),1249
720575940618177739,FC2C,FB columnar (output),1250
720575940618388615,FC2C,FB columnar (output),1251
720575940619196398,FC2C,FB columnar (output),1252
720575940619489857,FC2C,FB columnar (output),1253
720575940621025037,FC2C,FB columnar (output),1254
720575940621193864,FC2C,FB columnar (output),1255
720575940622374783,FC2C,FB columnar (output),1256
720575940622713638,FC2C,FB columnar (output),1257
720575940623815155,FC2C,FB columnar (output),1258
720575940623880013,FC2C,FB columnar (output),1259
720575940624126183,FC2C,FB columnar (output),1260
720575940625816212,FC2C,FB columnar (output),1261
720575940626356648,FC2C,FB columnar (output),1262
720575940626533714,FC2C,FB columnar (output),1263
720575940627126787,FC2C,FB columnar (output),1264
720575940627569658,FC2C,FB columnar (output),1265
720575940627617866,FC2C,FB columnar (output),1266
720575940627901687,FC2C,FB columnar (output),1267
720575940629331663,FC2C,FB columnar (output),1268
720575940629923883,FC2C,FB columnar (output),1269
720575940630019385,FC2C,FB columnar (output),1270
720575940631025219,FC2C,FB columnar (output),1271
720575940632259865,FC2C,FB columnar (output),1272
720575940633519514,FC2C,FB columnar (output),1273
720575940633982303,FC2C,FB columnar (output),1274
720575940634489592,FC2C,FB columnar (output),1275
720575940637983814,FC2C,FB columnar (output),1276
720575940641557133,FC2C,FB columnar (output),1277
720575940612272424,PFL1,FB columnar (output),1278
720575940613829535,PFL1,FB columnar (output),1279
720575940616764731,PFL1,FB columnar (output),1280
720575940616885824,PFL1,FB columnar (output),1281
720575940622348725,PFL1,FB columnar (output),1282
720575940622422507,PFL1,FB columnar (output),1283
720575940626099343,PFL1,FB columnar (output),1284
720575940626471957,PFL1,FB columnar (output),1285
720575940629606475,PFL1,FB columnar (output),1286
720575940630631736,PFL1,FB columnar (output),1287
720575940631166637,PFL1,FB columnar (output),1288
720575940633848312,PFL1,FB columnar (output),1289
720575940636994111,PFL1,FB columnar (output),1290
720575940637475561,PFL1,FB columnar (output),1291
720575940617498688,PFL2,FB columnar (output),1292
720575940620657140,PFL2,FB columnar (output),1293
720575940620952865,PFL2,FB columnar (output),1294
720575940623585255,PFL2,FB columnar (output),1295
720575940623937976,PFL2,FB columnar (output),1296
720575940624754981,PFL2,FB columnar (output),1297
720575940626763688,PFL2,FB columnar (output),1298
720575940629922934,PFL2,FB columnar (output),1299
720575940635153527,PFL2,FB columnar (output),1300
720575940635467150,PFL2,FB columnar (output),1301
720575940635990640,PFL2,FB columnar (output),1302
720575940638678616,PFL2,FB columnar (output),1303
720575940605640905,PFL3,FB columnar (output),1304
720575940612870952,PFL3,FB columnar (output),1305
720575940612936154,PFL3,FB columnar (output),1306
720575940616654370,PFL3,FB columnar (output),1307
720575940618759361,PFL3,FB columnar (output),1308
720575940619006087,PFL3,FB columnar (output),1309
720575940619648116,PFL3,FB columnar (output),1310
720575940619802800,PFL3,FB columnar (output),1311
720575940620202266,PFL3,FB columnar (output),1312
720575940622234326,PFL3,FB columnar (output),1313
720575940622727629,PFL3,FB columnar (output),1314
720575940623430621,PFL3,FB columnar (output),1315
720575940624320318,PFL3,FB columnar (output),1316
720575940625308162,PFL3,FB columnar (output),1317
720575940628457448,PFL3,FB columnar (output),1318
720575940628587202,PFL3,FB columnar (output),1319
720575940630653604,PFL3,FB columnar (output),1320
720575940630728588,PFL3,FB columnar (output),1321
720575940631151663,PFL3,FB columnar (output),1322
720575940635430030,PFL3,FB columnar (output),1323
720575940635481262,PFL3,FB columnar (output),1324
720575940636868186,PFL3,FB columnar (output),1325
720575940638901875,PFL3,FB columnar (output),1326
720575940644706083,PFL3,FB columnar (output),1327
720575940609604875,PFR,FB columnar (output),1328
720575940610670250,PFR,FB columnar (output),1329
720575940610877098,PFR,FB columnar (output),1330
720575940611181518,PFR,FB columnar (output),1331
720575940612211496,PFR,FB columnar (output),1332
720575940615764061,PFR,FB columnar (output),1333
720575940616813858,PFR,FB columnar (output),1334
720575940618746491,PFR,FB columnar (output),1335
720575940620014203,PFR,FB columnar (output),1336
720575940620028795,PFR,FB columnar (output),1337
720575940621515391,PFR,FB columnar (output),1338
720575940621975081,PFR,FB columnar (output),1339
720575940622156148,PFR,FB columnar (output),1340
720575940623897955,PFR,FB columnar (output),1341
720575940623904551,PFR,FB columnar (output),1342
720575940624863516,PFR,FB columnar (output),1343
720575940625880472,PFR,FB columnar (output),1344
720575940625932275,PFR,FB columnar (output),1345
720575940627400776,PFR,FB columnar (output),1346
720575940627935610,PFR,FB columnar (output),1347
720575940628067846,PFR,FB columnar (output),1348
720575940628377856,PFR,FB columnar (output),1349
720575940629483735,PFR,FB columnar (output),1350
720575940630025528,PFR,FB columnar (output),1351
720575940630148655,PFR,FB columnar (output),1352
720575940630822175,PFR,FB columnar (output),1353
720575940633442468,PFR,FB columnar (output),1354
720575940635632023,PFR,FB columnar (output),1355
720575940644658542,PFR,FB columnar (output),1356
720575940644733975,PFR,FB columnar (output),1357
720575940613690730,GLNO,NO (velocity input),1358
720575940615457938,GLNO,NO (velocity input),1359
720575940623718119,GLNO,NO (velocity input),1360
720575940625827358,GLNO,NO (velocity input),1361
720575940622333578,LNO1,NO (velocity input),1362
720575940623449480,LNO1,NO (velocity input),1363
720575940626637128,LNO1,NO (velocity input),1364
720575940634893419,LNO1,NO (velocity input),1365
720575940615620002,LNO2,NO (velocity input),1366
720575940622945037,LNO2,NO (velocity input),1367
720575940633455968,LNOa,NO (velocity input),1368
720575940633655452,LNOa,NO (velocity input),1369
